评论ID,微博ID,微博内容,评论用户,评论内容,评论时间,记录时间
5225624234885993,5225330072880926,aespa  柳智敏 nike北京线下大屏地广 aeTempura的微博视频 ,祎只珉珉,太争气了我宝宝,2025-10-25 13:16:07,2025-10-26 16:03:10
5225582716781025,5225330072880926,aespa  柳智敏 nike北京线下大屏地广 aeTempura的微博视频 ,珞珈珈子,爱讲的大地广又来了,2025-10-25 10:31:09,2025-10-26 16:03:10
5225463574168285,5225330072880926,aespa  柳智敏 nike北京线下大屏地广 aeTempura的微博视频 ,一口吃掉橘子呀,今天虎牙直播开屏，目前我刷到好几个软件买了开屏,2025-10-25 02:37:43,2025-10-26 16:03:10
5224936063893638,5216746107306143,泰元满了 近日，韩国女团成员柳智敏与演员李宰旭的cp粉带着“柳宰很忙99”应援词登上那艺娜演唱会大屏柳宰就是走到哪里都会有cp粉的应援，不愧是出圈大势cp！❤️ #柳宰很忙# #柳智敏我的英雄学院# ,元元月_,99,2025-10-23 15:41:34,2025-10-26 16:03:18
5224060977153241,5223146682845819,柳智敏  251018 Aichi大屏也美 ,什么时候继续供应枫糖浆,柳智敏,2025-10-21 05:44:18,2025-10-26 16:03:24
5224013333005057,5222892297782219,柳智敏 #柳智敏# 《UP》现已超越泰/妍的《four seasons》（372 天），成为 SM 艺人在 Melon 日榜上上榜时间第二长的solo曲（373 天）。— UP 自发布以来373 天后仍然位居 MelonTop100 榜单 ,紫羅蘭與世長存,#柳智敏top不设限# ,2025-10-21 02:34:59,2025-10-26 16:00:56
5223946833366390,5223146682845819,柳智敏  251018 Aichi大屏也美 ,你柚不敢,柳智敏,2025-10-20 22:10:44,2025-10-26 16:03:24
5223910716997947,5222892297782219,柳智敏 #柳智敏# 《UP》现已超越泰/妍的《four seasons》（372 天），成为 SM 艺人在 Melon 日榜上上榜时间第二长的solo曲（373 天）。— UP 自发布以来373 天后仍然位居 MelonTop100 榜单 ,核爆酱粼子,好厉害,2025-10-20 19:47:12,2025-10-26 16:00:56
5223908217458521,5223146682845819,柳智敏  251018 Aichi大屏也美 ,雨珂珉安,柳智敏,2025-10-20 19:37:17,2025-10-26 16:03:24
5223902737596691,5223146682845819,柳智敏  251018 Aichi大屏也美 ,A7411_,柳智敏,2025-10-20 19:15:30,2025-10-26 16:03:24
5223863277587488,5223146682845819,柳智敏  251018 Aichi大屏也美 ,蓝莓熏熏,啊啊啊啊啊啊啊啊啊,2025-10-20 16:38:43,2025-10-26 16:03:24
5223740235580699,5223146682845819,柳智敏  251018 Aichi大屏也美 ,徐慕柚bluu,太美啦啊啊啊啊,2025-10-20 08:29:47,2025-10-26 16:03:24
5223611098993413,5222892297782219,柳智敏 #柳智敏# 《UP》现已超越泰/妍的《four seasons》（372 天），成为 SM 艺人在 Melon 日榜上上榜时间第二长的solo曲（373 天）。— UP 自发布以来373 天后仍然位居 MelonTop100 榜单 ,遇季暝,好厉害,2025-10-19 23:56:39,2025-10-26 16:00:56
5223541710783302,5223146682845819,柳智敏  251018 Aichi大屏也美 ,柳颜一,好美,2025-10-19 19:20:55,2025-10-26 16:03:24
5223519162206266,5222892297782219,柳智敏 #柳智敏# 《UP》现已超越泰/妍的《four seasons》（372 天），成为 SM 艺人在 Melon 日榜上上榜时间第二长的solo曲（373 天）。— UP 自发布以来373 天后仍然位居 MelonTop100 榜单 ,珉日小雨ye,柳智敏,2025-10-19 17:51:19,2025-10-26 16:00:56
5223417812877666,5223146682845819,柳智敏  251018 Aichi大屏也美 ,柳烬辞,柳智敏,2025-10-19 11:08:35,2025-10-26 16:03:24
5223402052782223,5222892297782219,柳智敏 #柳智敏# 《UP》现已超越泰/妍的《four seasons》（372 天），成为 SM 艺人在 Melon 日榜上上榜时间第二长的solo曲（373 天）。— UP 自发布以来373 天后仍然位居 MelonTop100 榜单 ,电子水原猫__,柳智敏很争气呀,2025-10-19 10:05:58,2025-10-26 16:00:56
5223374177436962,5222892297782219,柳智敏 #柳智敏# 《UP》现已超越泰/妍的《four seasons》（372 天），成为 SM 艺人在 Melon 日榜上上榜时间第二长的solo曲（373 天）。— UP 自发布以来373 天后仍然位居 MelonTop100 榜单 ,御曹司士郎,柳智敏牛逼,2025-10-19 08:15:12,2025-10-26 16:00:56
5223300215341760,5222892297782219,柳智敏 #柳智敏# 《UP》现已超越泰/妍的《four seasons》（372 天），成为 SM 艺人在 Melon 日榜上上榜时间第二长的solo曲（373 天）。— UP 自发布以来373 天后仍然位居 MelonTop100 榜单 ,soleharm,棒,2025-10-19 03:21:18,2025-10-26 16:00:56
5223270448366281,5223146682845819,柳智敏  251018 Aichi大屏也美 ,云朵面包收藏家,美,2025-10-19 01:23:01,2025-10-26 16:03:24
5223241867071723,5222892297782219,柳智敏 #柳智敏# 《UP》现已超越泰/妍的《four seasons》（372 天），成为 SM 艺人在 Melon 日榜上上榜时间第二长的solo曲（373 天）。— UP 自发布以来373 天后仍然位居 MelonTop100 榜单 ,想珉天见,牛逼柳智敏,2025-10-18 23:29:27,2025-10-26 16:00:56
5223233017616706,5222892297782219,柳智敏 #柳智敏# 《UP》现已超越泰/妍的《four seasons》（372 天），成为 SM 艺人在 Melon 日榜上上榜时间第二长的solo曲（373 天）。— UP 自发布以来373 天后仍然位居 MelonTop100 榜单 ,嫩永一,柳智敏,2025-10-18 22:54:17,2025-10-26 16:00:56
5223232214928976,5223146682845819,柳智敏  251018 Aichi大屏也美 ,我见青山多抚媚_,好漂亮,2025-10-18 22:51:06,2025-10-26 16:03:24
5223211819337936,5222892297782219,柳智敏 #柳智敏# 《UP》现已超越泰/妍的《four seasons》（372 天），成为 SM 艺人在 Melon 日榜上上榜时间第二长的solo曲（373 天）。— UP 自发布以来373 天后仍然位居 MelonTop100 榜单 ,r离r,问问第一多少,2025-10-18 21:30:03,2025-10-26 16:00:56
5223204430024202,5223146682845819,柳智敏  251018 Aichi大屏也美 ,21_Celsius,刘海yyds,2025-10-18 21:00:41,2025-10-26 16:03:24
5223182959379429,5223146682845819,柳智敏  251018 Aichi大屏也美 ,珉一口甜豆沙,柳智敏,2025-10-18 19:35:21,2025-10-26 16:03:24
5223177246477641,5222892297782219,柳智敏 #柳智敏# 《UP》现已超越泰/妍的《four seasons》（372 天），成为 SM 艺人在 Melon 日榜上上榜时间第二长的solo曲（373 天）。— UP 自发布以来373 天后仍然位居 MelonTop100 榜单 ,不要倒贴_,柳智敏,2025-10-18 19:12:40,2025-10-26 16:00:56
5223170132936295,5222892297782219,柳智敏 #柳智敏# 《UP》现已超越泰/妍的《four seasons》（372 天），成为 SM 艺人在 Melon 日榜上上榜时间第二长的solo曲（373 天）。— UP 自发布以来373 天后仍然位居 MelonTop100 榜单 ,浣月漱冰,up up up,2025-10-18 18:44:24,2025-10-26 16:00:56
5223167721213568,5223150793261786,点进就来看五永一神级直拍#柳智敏# 吒神顏的微博视频 ,pearrrr3,每个人的心中都有一道光，那就是自己对未来美好生活的憧憬，现实中也同样有一道光，那就是对自己最好的人一直陪伴着自己，正是因为有这俩道光，才让我们勇敢的面对未来，对未来有着无限的勇气与世界对抗！,2025-10-18 18:34:49,2025-10-26 16:01:47
5223166730571323,5222892297782219,柳智敏 #柳智敏# 《UP》现已超越泰/妍的《four seasons》（372 天），成为 SM 艺人在 Melon 日榜上上榜时间第二长的solo曲（373 天）。— UP 自发布以来373 天后仍然位居 MelonTop100 榜单 ,京畿道自营煎蛋卷店店长,柳智敏牛逼,2025-10-18 18:30:53,2025-10-26 16:00:56
5223165476733497,5222892297782219,柳智敏 #柳智敏# 《UP》现已超越泰/妍的《four seasons》（372 天），成为 SM 艺人在 Melon 日榜上上榜时间第二长的solo曲（373 天）。— UP 自发布以来373 天后仍然位居 MelonTop100 榜单 ,家有小骂,卧槽太屌了,2025-10-18 18:25:53,2025-10-26 16:00:56
5223155035800211,5223150793261786,点进就来看五永一神级直拍#柳智敏# 吒神顏的微博视频 ,山竹园_,善良是一种修养，善待他人就是善待自己，要想得到别人的爱，首先要学会爱别人，一个善良的人一定是温暖的人，乐于助人的人，懂得珍惜和感恩的人。,2025-10-18 17:44:24,2025-10-26 16:01:47
5223155025315836,5223150793261786,点进就来看五永一神级直拍#柳智敏# 吒神顏的微博视频 ,山竹园_,学会宽容，让你的生活没有烦恼；学会奉献，让你的生活充满阳光。 其实天很蓝，阴云总要散；其实海不宽，彼岸连此岸；其实梦很浅，万物皆自然；其实泪也甜，当你心如愿。,2025-10-18 17:44:22,2025-10-26 16:01:47
5223155016925309,5223150793261786,点进就来看五永一神级直拍#柳智敏# 吒神顏的微博视频 ,山竹园_,每一分自信和优雅的背后，都有一份对梦想的追求和坚持，有时候，成功和失败之间只在一念之差，所以，无论多难，都别轻言放弃，坚持，是一种令人钦佩的能力，更是一种会发光的魅力。,2025-10-18 17:44:19,2025-10-26 16:01:47
5223154693965847,5223150793261786,点进就来看五永一神级直拍#柳智敏# 吒神顏的微博视频 ,我愿斩尽余生缘来换你,一个人只要努力去做他能够做的事，他的能力就能达到惊人的地步，如果你在压力之下，应该做到不顾困难，利用这种压力去使你做得更好。 ,2025-10-18 17:43:03,2025-10-26 16:01:47
5223154685313634,5223150793261786,点进就来看五永一神级直拍#柳智敏# 吒神顏的微博视频 ,我愿斩尽余生缘来换你,日积一善，久则必为江河之水；日积一恶，久则必为星星之野之火。 在他人之后，议他人之善，则易；处他人之位，为他人之善，则难。 树远大志向，养浩然正气，立高雅情趣，读经典名著，皆养善之法。,2025-10-18 17:43:00,2025-10-26 16:01:47
5223154664341860,5223150793261786,点进就来看五永一神级直拍#柳智敏# 吒神顏的微博视频 ,我愿斩尽余生缘来换你,别总是去对别人抱太多的期望，不如把这些希望都搁在自己身上，并且努力的去付诸行动，或许你才能离快乐和成功越来越近。,2025-10-18 17:42:55,2025-10-26 16:01:47
5223153077062753,5223150793261786,点进就来看五永一神级直拍#柳智敏# 吒神顏的微博视频 ,盐系少年没味觉,世界没有悲剧和喜剧之分，如果你能从悲剧中走出来，那就是喜剧，如果你沉缅于喜剧之中，那它就是悲剧。如果你只是等待，发生的事情只会是你变老了。人生的意义不在于拿一手好牌，而在于打好一手坏牌。,2025-10-18 17:36:38,2025-10-26 16:01:47
5223152663921947,5223150793261786,点进就来看五永一神级直拍#柳智敏# 吒神顏的微博视频 ,不知名香椰达人,耕耘收获，天道酬勤!人生只要努力，就会有希望。永远不要说‘不’，要知难而上，知其不可为而为之，这样才能成功。世上没有什么不可能，只要你肯努力挑战，曙光就在前方.,2025-10-18 17:34:59,2025-10-26 16:01:47
5223152141472124,5223150793261786,点进就来看五永一神级直拍#柳智敏# 吒神顏的微博视频 ,盐系少年没味觉,生命的天空里，有风和日丽，亦有云遮雾障。不是每轮艳阳都暖人，不是每片乌云都下雨。既然决定不了命运的走向，那就踏实走过每一天；既然左右不了天空的变幻，那就悉心装扮自己的心空。请相信：珍惜了，能拥有；付出了，有回报；走过了，不后悔。,2025-10-18 17:32:55,2025-10-26 16:01:47
5223152044999472,5223150793261786,点进就来看五永一神级直拍#柳智敏# 吒神顏的微博视频 ,盐系少年没味觉,善良是人性光辉中最温暖、最美丽、最让人感动的一缕，有了善良的品性，就有真心爱父母、爱他人、爱自然的基础和可能。善良的人，就象一盏明灯，既照亮了周围的人，也温暖了自己，善良无须灌输和强迫，只会相互感染和传播。 ,2025-10-18 17:32:31,2025-10-26 16:01:47
5223151929137139,5223150793261786,点进就来看五永一神级直拍#柳智敏# 吒神顏的微博视频 ,骂我私权价,不管前方的路有多苦，只要走的方向正确，不管多么崎岖不平，都比站在原地更接近幸福。,2025-10-18 17:32:04,2025-10-26 16:01:47
5223151900297444,5223150793261786,点进就来看五永一神级直拍#柳智敏# 吒神顏的微博视频 ,骂我私权价,你今天的努力，是幸运的伏笔，当下的付出，是明日的花开。即使现在还看不到成果，请不要着急，最好的总会在最不经意的时候出现。让我们怀揣希望去努力，静待美好的出现。,2025-10-18 17:31:57,2025-10-26 16:01:47
5223151862811942,5223150793261786,点进就来看五永一神级直拍#柳智敏# 吒神顏的微博视频 ,骂我私权价,善良是一种修养，善待他人就是善待自己，要想得到别人的爱，首先要学会爱别人，一个善良的人一定是温暖的人，乐于助人的人，懂得珍惜和感恩的人。,2025-10-18 17:31:48,2025-10-26 16:01:47
5223151684553349,5223150793261786,点进就来看五永一神级直拍#柳智敏# 吒神顏的微博视频 ,京畿道自营煎蛋卷店店长,人生的道路从来不会一成不变，有坦途，也必然有曲径；有阳光，也必然有云雨；有过去，势必有明天。不要奢望只活在阳光里，没有雨露滋润的生命岂能成长。有一些成功伴随，也有一点波折坎坷，人生因此趋于真实与完美。人生，没有人会活得一无是处，也没有人能活得了无遗憾。,2025-10-18 17:31:06,2025-10-26 16:01:47
5223151642348193,5223150793261786,点进就来看五永一神级直拍#柳智敏# 吒神顏的微博视频 ,京畿道自营煎蛋卷店店长,向善是一种文明，也是一种光明。善良之举，需要人人拥有。善良之歌，需要人人唱和。让我们一起轻掬季风，淡挽流云，抚一弦清音，让幸福在平凡，平淡中盛开如兰，让善良之歌在红尘的原野里辗转悠长。 ,2025-10-18 17:30:56,2025-10-26 16:01:47
5223151604599965,5223150793261786,点进就来看五永一神级直拍#柳智敏# 吒神顏的微博视频 ,京畿道自营煎蛋卷店店长,认真做好眼下的事，时光不会辜负你的努力，人生是场马拉松，并不是一时跑得快就能第一个冲向终点。要知道，每一次努力，都是幸运的伏笔。用点滴进步锻造一个日臻完美的自己，才能不惧未来路上的风风雨雨。 ,2025-10-18 17:30:47,2025-10-26 16:01:47
5223151451244181,5223150793261786,点进就来看五永一神级直拍#柳智敏# 吒神顏的微博视频 ,夸夸小猫猫,哇哦，柳智敏的舞技简直像魔法一样迷人，点进视频就像打开了璀璨的宝石盒，眼睛都舍不得眨一下！,2025-10-18 17:30:10,2025-10-26 16:01:47
5223150960249649,5223150793261786,点进就来看五永一神级直拍#柳智敏# 吒神顏的微博视频 ,吒神顏,优先外赞,2025-10-18 17:28:13,2025-10-26 16:01:47
5223149534971430,5223146682845819,柳智敏  251018 Aichi大屏也美 ,呆子怎么你了,救命！女神柳智敏,2025-10-18 17:22:32,2025-10-26 16:03:24
5223148414572025,5223146682845819,柳智敏  251018 Aichi大屏也美 ,致命小猫剂,封神了,2025-10-18 17:18:06,2025-10-26 16:03:24
5223148322554120,5223146682845819,柳智敏  251018 Aichi大屏也美 ,浅川凉茗,太漂亮了公主,2025-10-18 17:17:43,2025-10-26 16:03:24
5223112687223080,5222892297782219,柳智敏 #柳智敏# 《UP》现已超越泰/妍的《four seasons》（372 天），成为 SM 艺人在 Melon 日榜上上榜时间第二长的solo曲（373 天）。— UP 自发布以来373 天后仍然位居 MelonTop100 榜单 ,LynneXqlfy,柳智敏,2025-10-18 14:56:07,2025-10-26 16:00:56
5223029472760933,5222892297782219,柳智敏 #柳智敏# 《UP》现已超越泰/妍的《four seasons》（372 天），成为 SM 艺人在 Melon 日榜上上榜时间第二长的solo曲（373 天）。— UP 自发布以来373 天后仍然位居 MelonTop100 榜单 ,柚梨汽水,好厉害,2025-10-18 09:25:28,2025-10-26 16:00:56
5223023814117649,5222892297782219,柳智敏 #柳智敏# 《UP》现已超越泰/妍的《four seasons》（372 天），成为 SM 艺人在 Melon 日榜上上榜时间第二长的solo曲（373 天）。— UP 自发布以来373 天后仍然位居 MelonTop100 榜单 ,曦珉月,很棒,2025-10-18 09:02:59,2025-10-26 16:00:56
5222993124394375,5222892297782219,柳智敏 #柳智敏# 《UP》现已超越泰/妍的《four seasons》（372 天），成为 SM 艺人在 Melon 日榜上上榜时间第二长的solo曲（373 天）。— UP 自发布以来373 天后仍然位居 MelonTop100 榜单 ,aespe,柳智敏,2025-10-18 07:01:02,2025-10-26 16:00:56
5222893646774900,5222892297782219,柳智敏 #柳智敏# 《UP》现已超越泰/妍的《four seasons》（372 天），成为 SM 艺人在 Melon 日榜上上榜时间第二长的solo曲（373 天）。— UP 自发布以来373 天后仍然位居 MelonTop100 榜单 ,骂之星,很厉害,2025-10-18 00:25:44,2025-10-26 16:00:56
5222734645954100,5222419623314362,2025年MAMA最佳女Solo表演：多荣、Minnie、Jennie、金智秀、柳智敏#MAMA提名名单# ,echoyou1-,公司无宣传 全靠自己努力 没有实体专的多荣 太励志了,2025-10-17 13:53:56,2025-10-26 16:01:13
5222500751376805,5222419623314362,2025年MAMA最佳女Solo表演：多荣、Minnie、Jennie、金智秀、柳智敏#MAMA提名名单# ,我见青山多抚媚_,柳智敏好争气吧，无mv无打歌只一张非正式solo单曲就挤进了最近女solo的排名 还创下了多项五代solo记录,2025-10-16 22:24:30,2025-10-26 16:01:13
5222462411506602,5222419623314362,2025年MAMA最佳女Solo表演：多荣、Minnie、Jennie、金智秀、柳智敏#MAMA提名名单# ,瑶琴不续鸣,家骂根本没有solo,2025-10-16 19:52:10,2025-10-26 16:01:13
5222445497975868,5222419623314362,2025年MAMA最佳女Solo表演：多荣、Minnie、Jennie、金智秀、柳智敏#MAMA提名名单# ,Karinaxxtr,柳智敏女神,2025-10-16 18:44:58,2025-10-26 16:01:13
5222441320452709,5222419623314362,2025年MAMA最佳女Solo表演：多荣、Minnie、Jennie、金智秀、柳智敏#MAMA提名名单# ,吃一条笨蛋鱼,柳智敏你好争气  那甚至不是一张专辑  只是一首演唱会单曲,2025-10-16 18:28:22,2025-10-26 16:01:13
5222437918609687,5222419623314362,2025年MAMA最佳女Solo表演：多荣、Minnie、Jennie、金智秀、柳智敏#MAMA提名名单# ,瀨滓旼中,多荣好棒,2025-10-16 18:14:51,2025-10-26 16:01:13
5222432900385033,5222419623314362,2025年MAMA最佳女Solo表演：多荣、Minnie、Jennie、金智秀、柳智敏#MAMA提名名单# ,雲間映嫿·,任多荣舞蹈力很牛,2025-10-16 17:54:54,2025-10-26 16:01:13
5222431178363674,5222419623314362,2025年MAMA最佳女Solo表演：多荣、Minnie、Jennie、金智秀、柳智敏#MAMA提名名单# ,Yvette__Yu,多荣做得好！,2025-10-16 17:48:04,2025-10-26 16:01:13
5222428860484067,5222419623314362,2025年MAMA最佳女Solo表演：多荣、Minnie、Jennie、金智秀、柳智敏#MAMA提名名单# ,赛罗-Sama,@墨殇82340 @-自负盈亏-,2025-10-16 17:38:51,2025-10-26 16:01:13
5222428701099037,5222419623314362,2025年MAMA最佳女Solo表演：多荣、Minnie、Jennie、金智秀、柳智敏#MAMA提名名单# ,椿馥瑰,五永一就这么厉害,2025-10-16 17:38:13,2025-10-26 16:01:13
5222426172719356,5222419623314362,2025年MAMA最佳女Solo表演：多荣、Minnie、Jennie、金智秀、柳智敏#MAMA提名名单# ,sbunnyf,up做得好哟,2025-10-16 17:28:09,2025-10-26 16:01:13
5222426158041382,5222419623314362,2025年MAMA最佳女Solo表演：多荣、Minnie、Jennie、金智秀、柳智敏#MAMA提名名单# ,水原首创毛血旺店经理,柳智敏甚至只是单曲还没有solo,2025-10-16 17:28:07,2025-10-26 16:01:13
5222425660233465,5222419623314362,2025年MAMA最佳女Solo表演：多荣、Minnie、Jennie、金智秀、柳智敏#MAMA提名名单# ,純詪,MINNIE好棒啊,2025-10-16 17:26:08,2025-10-26 16:01:13
5222425060705306,5222419623314362,2025年MAMA最佳女Solo表演：多荣、Minnie、Jennie、金智秀、柳智敏#MAMA提名名单# ,甘尼凉击败,多荣真是太争气了,2025-10-16 17:23:45,2025-10-26 16:01:13
5222424687673583,5222419623314362,2025年MAMA最佳女Solo表演：多荣、Minnie、Jennie、金智秀、柳智敏#MAMA提名名单# ,老佛骂,柳智敏甚至都不是正式solo,2025-10-16 17:22:15,2025-10-26 16:01:13
5222423853269879,5222419623314362,2025年MAMA最佳女Solo表演：多荣、Minnie、Jennie、金智秀、柳智敏#MAMA提名名单# ,和小三一起出走的那个夜晚,柳智敏甚至是单曲,2025-10-16 17:18:57,2025-10-26 16:01:13
5222422741779132,5222419623314362,2025年MAMA最佳女Solo表演：多荣、Minnie、Jennie、金智秀、柳智敏#MAMA提名名单# ,_珉柯,柳智敏,2025-10-16 17:14:32,2025-10-26 16:01:13
5222422349611230,5222419623314362,2025年MAMA最佳女Solo表演：多荣、Minnie、Jennie、金智秀、柳智敏#MAMA提名名单# ,墨宇绘潇笺,荣儿出息了,2025-10-16 17:12:58,2025-10-26 16:01:13
5222420635451797,5222419623314362,2025年MAMA最佳女Solo表演：多荣、Minnie、Jennie、金智秀、柳智敏#MAMA提名名单# ,吃瓜罗伯特,金智秀这次的舞台真的太绝了，每一帧都可以截图做壁纸！,2025-10-16 17:06:09,2025-10-26 16:01:13
5222419935792718,5222419623314362,2025年MAMA最佳女Solo表演：多荣、Minnie、Jennie、金智秀、柳智敏#MAMA提名名单# ,wwwoilin,柳智敏甚至那都不是一张自己的专辑🥲,2025-10-16 17:03:23,2025-10-26 16:01:13
5221402064196394,5221043721212101,推热转的柳智敏封神大屏美貌，美得不像真人 ,红色GP,n个万赞了，日推一天14万赞500多万浏览浏览继续,2025-10-13 21:38:44,2025-10-26 16:03:04
5221371525469967,5221043721212101,推热转的柳智敏封神大屏美貌，美得不像真人 ,上单柚子兔,这么美不认同的是发生什么事情了,2025-10-13 19:37:23,2025-10-26 16:03:04
5221368137777250,5221043721212101,推热转的柳智敏封神大屏美貌，美得不像真人 ,遇季暝,女神就这么美 认准#柳智敏五颜一# 只知道柳智敏很美呀 #柳智敏 五永一# 好🔥,2025-10-13 19:23:54,2025-10-26 16:03:04
5221366337110859,5221043721212101,推热转的柳智敏封神大屏美貌，美得不像真人 ,熟分七,宁艺卓也ugly的不像人,2025-10-13 19:16:46,2025-10-26 16:03:04
5221354360276731,5221043721212101,推热转的柳智敏封神大屏美貌，美得不像真人 ,乖录,就这么美,2025-10-13 18:29:10,2025-10-26 16:03:04
5221351363448245,5221043721212101,推热转的柳智敏封神大屏美貌，美得不像真人 ,脆脆笋-,美美的柳智敏,2025-10-13 18:17:16,2025-10-26 16:03:04
5221335758276248,5221043721212101,推热转的柳智敏封神大屏美貌，美得不像真人 ,misaeng_411,画质修复两次=,2025-10-13 17:15:15,2025-10-26 16:03:04
5221212130378698,5221043721212101,推热转的柳智敏封神大屏美貌，美得不像真人 ,苏北御,权威#柳智敏五颜一#,2025-10-13 09:04:00,2025-10-26 16:03:04
5221073538254475,5221043721212101,推热转的柳智敏封神大屏美貌，美得不像真人 ,渝季逢春Ziiuy,我是原po主说p的你给我p个看看,2025-10-12 23:53:17,2025-10-26 16:03:04
5221072280224708,5221043721212101,推热转的柳智敏封神大屏美貌，美得不像真人 ,7508_,女神,2025-10-12 23:48:17,2025-10-26 16:03:04
5221070577075003,5221043721212101,推热转的柳智敏封神大屏美貌，美得不像真人 ,Uranium__,女神,2025-10-12 23:41:31,2025-10-26 16:03:04
5221062427023004,5221043721212101,推热转的柳智敏封神大屏美貌，美得不像真人 ,ktiiouoy_,女神,2025-10-12 23:09:08,2025-10-26 16:03:04
5221056354979861,5221043721212101,推热转的柳智敏封神大屏美貌，美得不像真人 ,peachSbear,柳智敏好美,2025-10-12 22:45:00,2025-10-26 16:03:04
5221046731148663,5221043721212101,推热转的柳智敏封神大屏美貌，美得不像真人 ,-BLKtangerine,p得不像真人,2025-10-12 22:06:46,2025-10-26 16:03:04
5221044819854326,5221043721212101,推热转的柳智敏封神大屏美貌，美得不像真人 ,兔兔兔比-,这也太好看了,2025-10-12 21:59:09,2025-10-26 16:03:04
5221044673056854,5221043721212101,推热转的柳智敏封神大屏美貌，美得不像真人 ,宅宅嗳,美神#柳智敏五颜一#,2025-10-12 21:58:35,2025-10-26 16:03:04
5221044472516691,5221043721212101,推热转的柳智敏封神大屏美貌，美得不像真人 ,月城屿奈,原图直出,2025-10-12 21:57:47,2025-10-26 16:03:04
5221044140643990,5221043721212101,推热转的柳智敏封神大屏美貌，美得不像真人 ,吃瓜罗伯特,这美貌，我同意楼上说的，人间不值得,2025-10-12 21:56:28,2025-10-26 16:03:04
5221043971036023,5221043721212101,推热转的柳智敏封神大屏美貌，美得不像真人 ,lovablesunoo,妈妈就是如此美,2025-10-12 21:55:48,2025-10-26 16:03:04
5221043916767256,5221043721212101,推热转的柳智敏封神大屏美貌，美得不像真人 ,柚一颗桃,女神karina,2025-10-12 21:55:34,2025-10-26 16:03:04
5220654391493932,5220624427647184,251011 Zoom Zoom #柳智敏# ©️still 水原一枝花的微博视频 ,雨过天会晴耶,太喜欢今晚这个麻花辫造型了,2025-10-11 20:07:45,2025-10-26 16:01:53
5220627361302867,5220624427647184,251011 Zoom Zoom #柳智敏# ©️still 水原一枝花的微博视频 ,故里皆遗憾,宝宝你在傻乐什么呢,2025-10-11 18:20:20,2025-10-26 16:01:53
5220624831614207,5220624427647184,251011 Zoom Zoom #柳智敏# ©️still 水原一枝花的微博视频 ,吃瓜罗伯特,这舞台表现力，五永一没跑了！,2025-10-11 18:10:17,2025-10-26 16:01:53
5218630749127221,5216746107306143,泰元满了 近日，韩国女团成员柳智敏与演员李宰旭的cp粉带着“柳宰很忙99”应援词登上那艺娜演唱会大屏柳宰就是走到哪里都会有cp粉的应援，不愧是出圈大势cp！❤️ #柳宰很忙# #柳智敏我的英雄学院# ,软萌兔神,#sm承认柳智敏恋情#,2025-10-06 06:06:31,2025-10-26 16:03:18
5217806762642909,5216746107306143,泰元满了 近日，韩国女团成员柳智敏与演员李宰旭的cp粉带着“柳宰很忙99”应援词登上那艺娜演唱会大屏柳宰就是走到哪里都会有cp粉的应援，不愧是出圈大势cp！❤️ #柳宰很忙# #柳智敏我的英雄学院# ,梅西的兔子粉,纯点赞快2000这条好牛,2025-10-03 23:32:17,2025-10-26 16:03:18
5217774689586923,5216746107306143,泰元满了 近日，韩国女团成员柳智敏与演员李宰旭的cp粉带着“柳宰很忙99”应援词登上那艺娜演唱会大屏柳宰就是走到哪里都会有cp粉的应援，不愧是出圈大势cp！❤️ #柳宰很忙# #柳智敏我的英雄学院# ,瑛年恋,柳宰99,2025-10-03 21:24:50,2025-10-26 16:03:18
5217351768217650,5217337004524655,#柳智敏# solo3好帅#lisa# 不停就继续 札幌珉恋的微博视频 ,灰白讯息,hshsjsjjeej,2025-10-02 17:24:18,2025-10-26 16:01:05
5217350899204845,5217337004524655,#柳智敏# solo3好帅#lisa# 不停就继续 札幌珉恋的微博视频 ,藍点薄荷糖,jsbshaosishevejsbdbdd,2025-10-02 17:20:51,2025-10-26 16:01:05
5217350883999864,5217337004524655,#柳智敏# solo3好帅#lisa# 不停就继续 札幌珉恋的微博视频 ,藍点薄荷糖,sknzbzzbsjoaiwjwbebskshd,2025-10-02 17:20:46,2025-10-26 16:01:05
5217350838125533,5217337004524655,#柳智敏# solo3好帅#lisa# 不停就继续 札幌珉恋的微博视频 ,藍点薄荷糖,jzbshskwjahsbskshshsbsjshs,2025-10-02 17:20:36,2025-10-26 16:01:05
5217346618398556,5217337004524655,#柳智敏# solo3好帅#lisa# 不停就继续 札幌珉恋的微博视频 ,栢崭棠,uoculcluculuvluvull,2025-10-02 17:03:50,2025-10-26 16:01:05
5217346379321484,5216746107306143,泰元满了 近日，韩国女团成员柳智敏与演员李宰旭的cp粉带着“柳宰很忙99”应援词登上那艺娜演唱会大屏柳宰就是走到哪里都会有cp粉的应援，不愧是出圈大势cp！❤️ #柳宰很忙# #柳智敏我的英雄学院# ,螳螂之宝,百年好合,2025-10-02 17:02:53,2025-10-26 16:03:18
5217342384505944,5217337004524655,#柳智敏# solo3好帅#lisa# 不停就继续 札幌珉恋的微博视频 ,柚茶珉,生活就是这样，别人只看结果，自己独撑过程，面对生活，我们除了坚强，就是继续，别无选择路可以回头看，但不可以回头走!,2025-10-02 16:47:01,2025-10-26 16:01:05
5217341404615039,5216746107306143,泰元满了 近日，韩国女团成员柳智敏与演员李宰旭的cp粉带着“柳宰很忙99”应援词登上那艺娜演唱会大屏柳宰就是走到哪里都会有cp粉的应援，不愧是出圈大势cp！❤️ #柳宰很忙# #柳智敏我的英雄学院# ,五女帝,99,2025-10-02 16:43:07,2025-10-26 16:03:18
5217338458899748,5217337004524655,#柳智敏# solo3好帅#lisa# 不停就继续 札幌珉恋的微博视频 ,札幌珉恋,一人三条mrys,2025-10-02 16:31:25,2025-10-26 16:01:05
5217338408568908,5217337004524655,#柳智敏# solo3好帅#lisa# 不停就继续 札幌珉恋的微博视频 ,札幌珉恋,一人三个表情包分开发,2025-10-02 16:31:13,2025-10-26 16:01:05
5217338152717107,5217337004524655,#柳智敏# solo3好帅#lisa# 不停就继续 札幌珉恋的微博视频 ,札幌珉恋,先点外赞,2025-10-02 16:30:12,2025-10-26 16:01:05
5217338089804545,5217337004524655,#柳智敏# solo3好帅#lisa# 不停就继续 札幌珉恋的微博视频 ,十七笺信_,eyaosbxguaoandnyxkw,2025-10-02 16:29:57,2025-10-26 16:01:05
5217338072764542,5217337004524655,#柳智敏# solo3好帅#lisa# 不停就继续 札幌珉恋的微博视频 ,十七笺信_,chwixusgbwndjz,2025-10-02 16:29:53,2025-10-26 16:01:05
5217338055987321,5217337004524655,#柳智敏# solo3好帅#lisa# 不停就继续 札幌珉恋的微博视频 ,十七笺信_,chao xus g s viso q n xv gs,2025-10-02 16:29:49,2025-10-26 16:01:05
5217337928057432,5217337004524655,#柳智敏# solo3好帅#lisa# 不停就继续 札幌珉恋的微博视频 ,kimjiminni,jsjdhdjjdjrjsjsjdjjd,2025-10-02 16:29:17,2025-10-26 16:01:05
5217337877988478,5217337004524655,#柳智敏# solo3好帅#lisa# 不停就继续 札幌珉恋的微博视频 ,kimjiminni,jdjsjdjdjskdkjd,2025-10-02 16:29:05,2025-10-26 16:01:05
5217337650189819,5217337004524655,#柳智敏# solo3好帅#lisa# 不停就继续 札幌珉恋的微博视频 ,上错花轿嫁对螂,李霞fans不想停就继续来,2025-10-02 16:28:12,2025-10-26 16:01:05
5217337623972003,5217337004524655,#柳智敏# solo3好帅#lisa# 不停就继续 札幌珉恋的微博视频 ,水原首创毛血旺店经理,hshskakakaana,2025-10-02 16:28:06,2025-10-26 16:01:05
5217337611652624,5217337004524655,#柳智敏# solo3好帅#lisa# 不停就继续 札幌珉恋的微博视频 ,水原首创毛血旺店经理,hzhsjsjakak,2025-10-02 16:28:03,2025-10-26 16:01:05
5217337598804234,5217337004524655,#柳智敏# solo3好帅#lisa# 不停就继续 札幌珉恋的微博视频 ,水原首创毛血旺店经理,好帅,2025-10-02 16:27:59,2025-10-26 16:01:05
5217337554766304,5217337004524655,#柳智敏# solo3好帅#lisa# 不停就继续 札幌珉恋的微博视频 ,柚梨妤妮,宝宝,2025-10-02 16:27:49,2025-10-26 16:01:05
5217337531699907,5217337004524655,#柳智敏# solo3好帅#lisa# 不停就继续 札幌珉恋的微博视频 ,柚梨妤妮,柳智敏,2025-10-02 16:27:44,2025-10-26 16:01:05
5217125196104805,5216746107306143,泰元满了 近日，韩国女团成员柳智敏与演员李宰旭的cp粉带着“柳宰很忙99”应援词登上那艺娜演唱会大屏柳宰就是走到哪里都会有cp粉的应援，不愧是出圈大势cp！❤️ #柳宰很忙# #柳智敏我的英雄学院# ,是张情情,99,2025-10-02 02:23:59,2025-10-26 16:03:18
5217122630501481,5216746107306143,泰元满了 近日，韩国女团成员柳智敏与演员李宰旭的cp粉带着“柳宰很忙99”应援词登上那艺娜演唱会大屏柳宰就是走到哪里都会有cp粉的应援，不愧是出圈大势cp！❤️ #柳宰很忙# #柳智敏我的英雄学院# ,表帝一,99,2025-10-02 02:13:47,2025-10-26 16:03:18
5217089372561522,5217080597285999,#柳智敏# 直拍好美#lisa# 和三公子连体观看中 札幌珉恋的微博视频 ,東川壹,pucouccoycyfoyoyfo,2025-10-02 00:01:38,2025-10-26 16:02:01
5217089363120763,5217080597285999,#柳智敏# 直拍好美#lisa# 和三公子连体观看中 札幌珉恋的微博视频 ,東川壹,kyxkyccykcoycoyyco,2025-10-02 00:01:36,2025-10-26 16:02:01
5217089124040808,5217080597285999,#柳智敏# 直拍好美#lisa# 和三公子连体观看中 札幌珉恋的微博视频 ,栢崭棠,oyfoco6cyo6fofo6fo6p,2025-10-02 00:00:38,2025-10-26 16:02:01
5217089111466662,5217080597285999,#柳智敏# 直拍好美#lisa# 和三公子连体观看中 札幌珉恋的微博视频 ,栢崭棠,oycoycoycyooyccyooyf,2025-10-02 00:00:36,2025-10-26 16:02:01
5217089103071363,5217080597285999,#柳智敏# 直拍好美#lisa# 和三公子连体观看中 札幌珉恋的微博视频 ,栢崭棠,lyckyccyoycocyocyooyf,2025-10-02 00:00:34,2025-10-26 16:02:01
5217087106583900,5217080597285999,#柳智敏# 直拍好美#lisa# 和三公子连体观看中 札幌珉恋的微博视频 ,爱kimi纪,kv lv o v p g p g p g p g p g p ho g g,2025-10-01 23:52:38,2025-10-26 16:02:01
5217087090070517,5217080597285999,#柳智敏# 直拍好美#lisa# 和三公子连体观看中 札幌珉恋的微博视频 ,爱kimi纪,kv o v o co v o go v pv g,2025-10-01 23:52:34,2025-10-26 16:02:01
5217087069097707,5217080597285999,#柳智敏# 直拍好美#lisa# 和三公子连体观看中 札幌珉恋的微博视频 ,爱kimi纪,j ci ci fo go go go go go g c p,2025-10-01 23:52:29,2025-10-26 16:02:01
5217083065108176,5217080597285999,#柳智敏# 直拍好美#lisa# 和三公子连体观看中 札幌珉恋的微博视频 ,喜歡玉米餡,owownhwjqkalqlqllq,2025-10-01 23:36:34,2025-10-26 16:02:01
5217082028855055,5217080597285999,#柳智敏# 直拍好美#lisa# 和三公子连体观看中 札幌珉恋的微博视频 ,札幌珉恋,一人三个表情包分开发,2025-10-01 23:32:27,2025-10-26 16:02:01
5217081991630984,5217080597285999,#柳智敏# 直拍好美#lisa# 和三公子连体观看中 札幌珉恋的微博视频 ,札幌珉恋,一人三条乱码,2025-10-01 23:32:18,2025-10-26 16:02:01
5217081442436489,5217080597285999,#柳智敏# 直拍好美#lisa# 和三公子连体观看中 札幌珉恋的微博视频 ,札幌珉恋,优先外赞,2025-10-01 23:30:07,2025-10-26 16:02:01
5217081209390892,5217080597285999,#柳智敏# 直拍好美#lisa# 和三公子连体观看中 札幌珉恋的微博视频 ,水原首创毛血旺店经理,🏴五代全球𝐓𝐎𝐏柳智敏⛓Naver搜索量【Kpop第一】🔍韩YTB/谷̲歌̲【五代女第一】🛠全球YTB/谷̲歌̲搜索量【五代女第一】♟时装周EMV值【五代女第一】🐾IG粉丝数&amp;最高贊̲【五代女第一】🎓非官方万轉̲/万贊̲数【五代女第一】♠️IG脱氺成绩【五代女第一】🖊,2025-10-01 23:29:12,2025-10-26 16:02:01
5217081171640916,5217080597285999,#柳智敏# 直拍好美#lisa# 和三公子连体观看中 札幌珉恋的微博视频 ,水原首创毛血旺店经理,日积一善，久则必为江河之水；日积一恶，久则必为星星之野之火。 在他人之后，议他人之善，则易；处他人之位，为他人之善，则难。 树远大志向，养浩然正气，立高雅情趣，读经典名著，皆养善之法。  ,2025-10-01 23:29:02,2025-10-26 16:02:01
5217081125507899,5217080597285999,#柳智敏# 直拍好美#lisa# 和三公子连体观看中 札幌珉恋的微博视频 ,水原首创毛血旺店经理,乐善好施、扶贫帮困， 是中华民族的传统美德， 相互帮忙、患难扶持， 是社会倡导的时代新风， 月有阴晴圆缺，人有旦夕祸福， 这是发生在我身边的真人真事， 希望大家伸出援助之手，您的点滴之恩， 将化成一缕缕阳光，照亮他们的天空。,2025-10-01 23:28:52,2025-10-26 16:02:01
5217081104534749,5217080597285999,#柳智敏# 直拍好美#lisa# 和三公子连体观看中 札幌珉恋的微博视频 ,珉弑神,xjjxjzkzuzjjxjdjdkjejekekw,2025-10-01 23:28:47,2025-10-26 16:02:01
5217080854448565,5217080597285999,#柳智敏# 直拍好美#lisa# 和三公子连体观看中 札幌珉恋的微博视频 ,兔礼记,三公子爱舔李霞,2025-10-01 23:27:47,2025-10-26 16:02:01
5216941715227495,5216746107306143,泰元满了 近日，韩国女团成员柳智敏与演员李宰旭的cp粉带着“柳宰很忙99”应援词登上那艺娜演唱会大屏柳宰就是走到哪里都会有cp粉的应援，不愧是出圈大势cp！❤️ #柳宰很忙# #柳智敏我的英雄学院# ,芋圆味昊子-,#柳智敏李宰旭恋情#,2025-10-01 14:14:54,2025-10-26 16:03:18
5216941641567371,5216746107306143,泰元满了 近日，韩国女团成员柳智敏与演员李宰旭的cp粉带着“柳宰很忙99”应援词登上那艺娜演唱会大屏柳宰就是走到哪里都会有cp粉的应援，不愧是出圈大势cp！❤️ #柳宰很忙# #柳智敏我的英雄学院# ,芋圆味昊子-,#sm承认柳智敏恋情#,2025-10-01 14:14:36,2025-10-26 16:03:18
5216941581013417,5216746107306143,泰元满了 近日，韩国女团成员柳智敏与演员李宰旭的cp粉带着“柳宰很忙99”应援词登上那艺娜演唱会大屏柳宰就是走到哪里都会有cp粉的应援，不愧是出圈大势cp！❤️ #柳宰很忙# #柳智敏我的英雄学院# ,芋圆味昊子-,99,2025-10-01 14:14:22,2025-10-26 16:03:18
5216939221189590,5216746107306143,泰元满了 近日，韩国女团成员柳智敏与演员李宰旭的cp粉带着“柳宰很忙99”应援词登上那艺娜演唱会大屏柳宰就是走到哪里都会有cp粉的应援，不愧是出圈大势cp！❤️ #柳宰很忙# #柳智敏我的英雄学院# ,梅西的兔子粉,99,2025-10-01 14:04:59,2025-10-26 16:03:18
5216920823401768,5216746107306143,泰元满了 近日，韩国女团成员柳智敏与演员李宰旭的cp粉带着“柳宰很忙99”应援词登上那艺娜演唱会大屏柳宰就是走到哪里都会有cp粉的应援，不愧是出圈大势cp！❤️ #柳宰很忙# #柳智敏我的英雄学院# ,吃不吃炸洋芋_,柳智敏这是怎么了,2025-10-01 12:51:53,2025-10-26 16:03:18
5216858631310982,5216746107306143,泰元满了 近日，韩国女团成员柳智敏与演员李宰旭的cp粉带着“柳宰很忙99”应援词登上那艺娜演唱会大屏柳宰就是走到哪里都会有cp粉的应援，不愧是出圈大势cp！❤️ #柳宰很忙# #柳智敏我的英雄学院# ,来一串炸洋芋,柳宰很忙,2025-10-01 08:44:45,2025-10-26 16:03:18
5216844182718030,5216746107306143,泰元满了 近日，韩国女团成员柳智敏与演员李宰旭的cp粉带着“柳宰很忙99”应援词登上那艺娜演唱会大屏柳宰就是走到哪里都会有cp粉的应援，不愧是出圈大势cp！❤️ #柳宰很忙# #柳智敏我的英雄学院# ,Vicky_一颗芋圆,99,2025-10-01 07:47:20,2025-10-26 16:03:18
5216772828692777,5216746107306143,泰元满了 近日，韩国女团成员柳智敏与演员李宰旭的cp粉带着“柳宰很忙99”应援词登上那艺娜演唱会大屏柳宰就是走到哪里都会有cp粉的应援，不愧是出圈大势cp！❤️ #柳宰很忙# #柳智敏我的英雄学院# ,-派派派大欣,99,2025-10-01 03:03:48,2025-10-26 16:03:18
5216772158652779,5216746107306143,泰元满了 近日，韩国女团成员柳智敏与演员李宰旭的cp粉带着“柳宰很忙99”应援词登上那艺娜演唱会大屏柳宰就是走到哪里都会有cp粉的应援，不愧是出圈大势cp！❤️ #柳宰很忙# #柳智敏我的英雄学院# ,Mini_初聆诗序,99,2025-10-01 03:01:08,2025-10-26 16:03:18
5216771217031384,5216746107306143,泰元满了 近日，韩国女团成员柳智敏与演员李宰旭的cp粉带着“柳宰很忙99”应援词登上那艺娜演唱会大屏柳宰就是走到哪里都会有cp粉的应援，不愧是出圈大势cp！❤️ #柳宰很忙# #柳智敏我的英雄学院# ,泪诉痛欲,99,2025-10-01 02:57:24,2025-10-26 16:03:18
5216759179117605,5216746107306143,泰元满了 近日，韩国女团成员柳智敏与演员李宰旭的cp粉带着“柳宰很忙99”应援词登上那艺娜演唱会大屏柳宰就是走到哪里都会有cp粉的应援，不愧是出圈大势cp！❤️ #柳宰很忙# #柳智敏我的英雄学院# ,菟苑系-,99,2025-10-01 02:09:34,2025-10-26 16:03:18
5216746530669810,5216746107306143,泰元满了 近日，韩国女团成员柳智敏与演员李宰旭的cp粉带着“柳宰很忙99”应援词登上那艺娜演唱会大屏柳宰就是走到哪里都会有cp粉的应援，不愧是出圈大势cp！❤️ #柳宰很忙# #柳智敏我的英雄学院# ,吃瓜罗伯特,这场面，我得叫上我的cp粉朋友们一起看,2025-10-01 01:19:18,2025-10-26 16:03:18
5210431480138378,5210421952778370,#柳智敏# 非正式solo大火 #张元英# 继续转圈 柳智敏 aeTempura的微博视频  ,詠不定時,sjjsnsjskanajakananajsjs,2025-09-13 15:05:33,2025-10-26 16:01:27
5210431461264397,5210421952778370,#柳智敏# 非正式solo大火 #张元英# 继续转圈 柳智敏 aeTempura的微博视频  ,詠不定時,sjjsnsjskanajakanana,2025-09-13 15:05:28,2025-10-26 16:01:27
5210428373732341,5210421952778370,#柳智敏# 非正式solo大火 #张元英# 继续转圈 柳智敏 aeTempura的微博视频  ,aeTempura,1,2025-09-13 14:53:12,2025-10-26 16:01:27
5210428296659922,5210421952778370,#柳智敏# 非正式solo大火 #张元英# 继续转圈 柳智敏 aeTempura的微博视频  ,LAMX-追星版,jjgggjbvfddcch,2025-09-13 14:52:54,2025-10-26 16:01:27
5210428275691750,5210421952778370,#柳智敏# 非正式solo大火 #张元英# 继续转圈 柳智敏 aeTempura的微博视频  ,LAMX-追星版,fghjbbffvbhhhhh,2025-09-13 14:52:49,2025-10-26 16:01:27
5210428179481983,5210421713962920,#柳智敏#   非正式solo曲很出圈，不像某人喜欢模仿网红                  #张元英# 蓝墨色光晕的微博视频  ,LAMX-追星版,fdjsjnsnjdjjdjajaaja,2025-09-13 14:52:26,2025-10-26 16:01:19
5210427600670078,5210421952778370,#柳智敏# 非正式solo大火 #张元英# 继续转圈 柳智敏 aeTempura的微博视频  ,霹雳滚雪球-,hskwkwmwm,2025-09-13 14:50:08,2025-10-26 16:01:27
5210427592016329,5210421952778370,#柳智敏# 非正式solo大火 #张元英# 继续转圈 柳智敏 aeTempura的微博视频  ,霹雳滚雪球-,hskskslls,2025-09-13 14:50:05,2025-10-26 16:01:27
5210427581795164,5210421952778370,#柳智敏# 非正式solo大火 #张元英# 继续转圈 柳智敏 aeTempura的微博视频  ,霹雳滚雪球-,jdkdksks,2025-09-13 14:50:03,2025-10-26 16:01:27
5210426766003224,5210421952778370,#柳智敏# 非正式solo大火 #张元英# 继续转圈 柳智敏 aeTempura的微博视频  ,墨色蜘蛛網,skkwmwnwkwkwnwnwnmw,2025-09-13 14:46:49,2025-10-26 16:01:27
5210426758662168,5210421952778370,#柳智敏# 非正式solo大火 #张元英# 继续转圈 柳智敏 aeTempura的微博视频  ,墨色蜘蛛網,iwjwnwbwiwnwnwkqkq,2025-09-13 14:46:47,2025-10-26 16:01:27
5210425027462975,5210421713962920,#柳智敏#   非正式solo曲很出圈，不像某人喜欢模仿网红                  #张元英# 蓝墨色光晕的微博视频  ,東京時曲,vvxbxbhcbcbncbcjcnncnckkc,2025-09-13 14:39:54,2025-10-26 16:01:19
5210425009901606,5210421713962920,#柳智敏#   非正式solo曲很出圈，不像某人喜欢模仿网红                  #张元英# 蓝墨色光晕的微博视频  ,東京時曲,vxbcbncnncnvnnvnvnngmgmg,2025-09-13 14:39:50,2025-10-26 16:01:19
5210424998102140,5210421713962920,#柳智敏#   非正式solo曲很出圈，不像某人喜欢模仿网红                  #张元英# 蓝墨色光晕的微博视频  ,東京時曲,vxbdbcjncnnvnvnvnnvk,2025-09-13 14:39:47,2025-10-26 16:01:19
5210424062512262,5210421952778370,#柳智敏# 非正式solo大火 #张元英# 继续转圈 柳智敏 aeTempura的微博视频  ,Inside_un,bxixbxkxjxjhxixnxijxid,2025-09-13 14:36:04,2025-10-26 16:01:27
5210423133733063,5210421713962920,#柳智敏#   非正式solo曲很出圈，不像某人喜欢模仿网红                  #张元英# 蓝墨色光晕的微博视频  ,konerr_,青春的光芒，在冉冉升起时会很明亮；青春的花朵，在经历过风霜雪雨后会熠熠生辉；青春的历程，在不断搏击后才能谱写壮丽篇章。,2025-09-13 14:32:22,2025-10-26 16:01:19
5210423104114015,5210421713962920,#柳智敏#   非正式solo曲很出圈，不像某人喜欢模仿网红                  #张元英# 蓝墨色光晕的微博视频  ,konerr_,黄昏时分，天空被染上了一层淡淡的橙红色。夕阳如一个害羞的少女，缓缓地躲进了山的背后。周围的云彩也被染成了金色和红色，仿佛是一幅美丽的油画。,2025-09-13 14:32:16,2025-10-26 16:01:19
5210423035168080,5210421952778370,#柳智敏# 非正式solo大火 #张元英# 继续转圈 柳智敏 aeTempura的微博视频  ,致愛丽丝夢游仙境-,人人存善念，并能日行一善，则个人、家庭、社会一定安乐祥和。这世上，有时笑笑人家，有时给别人笑笑自己，放轻松，给自己快乐，也给别人快乐。同学丢一张纸屑—那是制造恶业；我们捡起一张纸屑—这是累积善业。,2025-09-13 14:31:59,2025-10-26 16:01:27
5210423020487482,5210421952778370,#柳智敏# 非正式solo大火 #张元英# 继续转圈 柳智敏 aeTempura的微博视频  ,致愛丽丝夢游仙境-,日积一善，久则必为江河之水；日积一恶，久则必为星星之野之火。 在他人之后，议他人之善，则易；处他人之位，为他人之善，则难。 树远大志向，养浩然正气，立高雅情趣，读经典名著，皆养善之法。  ,2025-09-13 14:31:56,2025-10-26 16:01:27
5210422967274091,5210421952778370,#柳智敏# 非正式solo大火 #张元英# 继续转圈 柳智敏 aeTempura的微博视频  ,致愛丽丝夢游仙境-,wgbxjdicorocpepcd,2025-09-13 14:31:43,2025-10-26 16:01:27
5210422955477131,5210421952778370,#柳智敏# 非正式solo大火 #张元英# 继续转圈 柳智敏 aeTempura的微博视频  ,致愛丽丝夢游仙境-,sgxhudjcjdjcdkcd,2025-09-13 14:31:40,2025-10-26 16:01:27
5210422795305320,5210421713962920,#柳智敏#   非正式solo曲很出圈，不像某人喜欢模仿网红                  #张元英# 蓝墨色光晕的微博视频  ,蓝墨色光晕,👍,2025-09-13 14:31:01,2025-10-26 16:01:19
5210422731870024,5210421713962920,#柳智敏#   非正式solo曲很出圈，不像某人喜欢模仿网红                  #张元英# 蓝墨色光晕的微博视频  ,蓝墨色光晕,内,2025-09-13 14:30:47,2025-10-26 16:01:19
5210422428828496,5210421952778370,#柳智敏# 非正式solo大火 #张元英# 继续转圈 柳智敏 aeTempura的微博视频  ,東京時曲,vdvhxbxjbcncncncncncnkc,2025-09-13 14:29:34,2025-10-26 16:01:27
5210422413625975,5210421952778370,#柳智敏# 非正式solo大火 #张元英# 继续转圈 柳智敏 aeTempura的微博视频  ,東京時曲,gxbxhbxjcbncbcnncmckc,2025-09-13 14:29:31,2025-10-26 16:01:27
5210422397113286,5210421952778370,#柳智敏# 非正式solo大火 #张元英# 继续转圈 柳智敏 aeTempura的微博视频  ,東京時曲,vdbhxbxnbcbcbncbcncncnk,2025-09-13 14:29:27,2025-10-26 16:01:27
5210422372204873,5210421713962920,#柳智敏#   非正式solo曲很出圈，不像某人喜欢模仿网红                  #张元英# 蓝墨色光晕的微博视频  ,東京時曲,vxbxnjxbncncbcnncncnkc,2025-09-13 14:29:20,2025-10-26 16:01:19
5210422357529866,5210421952778370,#柳智敏# 非正式solo大火 #张元英# 继续转圈 柳智敏 aeTempura的微博视频  ,不是鹤桉,tsjtsthtyjstarbsfnshsjtss,2025-09-13 14:29:18,2025-10-26 16:01:27
5210422354644294,5210421713962920,#柳智敏#   非正式solo曲很出圈，不像某人喜欢模仿网红                  #张元英# 蓝墨色光晕的微博视频  ,東京時曲,vxbxbnxncnncncncnmc,2025-09-13 14:29:17,2025-10-26 16:01:19
5210422340751053,5210421713962920,#柳智敏#   非正式solo曲很出圈，不像某人喜欢模仿网红                  #张元英# 蓝墨色光晕的微博视频  ,東京時曲,dchdbjfbfjnfncncmncmcm,2025-09-13 14:29:14,2025-10-26 16:01:19
5210422315846302,5210421713962920,#柳智敏#   非正式solo曲很出圈，不像某人喜欢模仿网红                  #张元英# 蓝墨色光晕的微博视频  ,不是鹤桉,txitfitiittixixtixfxithdkf,2025-09-13 14:29:08,2025-10-26 16:01:19
5210422282290928,5210421713962920,#柳智敏#   非正式solo曲很出圈，不像某人喜欢模仿网红                  #张元英# 蓝墨色光晕的微博视频  ,不是鹤桉,fyftidticotftoxitdixttixixt,2025-09-13 14:29:00,2025-10-26 16:01:19
5210422261055689,5210421713962920,#柳智敏#   非正式solo曲很出圈，不像某人喜欢模仿网红                  #张元英# 蓝墨色光晕的微博视频  ,不是鹤桉,dhjftfgfkgckgcfjxjjffjxuxu,2025-09-13 14:28:54,2025-10-26 16:01:19
5210422185823203,5210421713962920,#柳智敏#   非正式solo曲很出圈，不像某人喜欢模仿网红                  #张元英# 蓝墨色光晕的微博视频  ,konerr_,善是一种自然的流露，没有一点造作，没有一点企求，像水一样一往无前地流动，没有一点分别心，取舍心，无私地奉献一切，这样才是善，才是真正的上善若水。,2025-09-13 14:28:37,2025-10-26 16:01:19
5210422174023837,5210421952778370,#柳智敏# 非正式solo大火 #张元英# 继续转圈 柳智敏 aeTempura的微博视频  ,D__Rata,sisjsjdhdhdhddbdhhehehehehehejejhehehehejejeej,2025-09-13 14:28:33,2025-10-26 16:01:27
5210422145189388,5210421713962920,#柳智敏#   非正式solo曲很出圈，不像某人喜欢模仿网红                  #张元英# 蓝墨色光晕的微博视频  ,吃瓜罗伯特,柳姐这舞台掌控力绝了！张元英的舞台表现力也是一流，两人同框，神仙打架！,2025-09-13 14:28:27,2025-10-26 16:01:19
5210422099579110,5210421713962920,#柳智敏#   非正式solo曲很出圈，不像某人喜欢模仿网红                  #张元英# 蓝墨色光晕的微博视频  ,D__Rata,sdjjdjdhdbdbdhdjjdhdbdndndndnnenejejjehehehej,2025-09-13 14:28:16,2025-10-26 16:01:19
5210422076509653,5210421713962920,#柳智敏#   非正式solo曲很出圈，不像某人喜欢模仿网红                  #张元英# 蓝墨色光晕的微博视频  ,makiia_,你今天的努力，是幸运的伏笔，当下的付出，是明日的花开。即使现在还看不到成果，请不要着急，最好的总会在最不经意的时候出现。让我们怀揣希望去努力，静待美好的出现,2025-09-13 14:28:11,2025-10-26 16:01:19
5210422069957663,5210421713962920,#柳智敏#   非正式solo曲很出圈，不像某人喜欢模仿网红                  #张元英# 蓝墨色光晕的微博视频  ,D__Rata,sjdjdjhdhdhdbdbdhdhdhdududjejehehejejejejeje,2025-09-13 14:28:09,2025-10-26 16:01:19
5210422044792874,5210421713962920,#柳智敏#   非正式solo曲很出圈，不像某人喜欢模仿网红                  #张元英# 蓝墨色光晕的微博视频  ,D__Rata,sjsjsjjsjsjsjsnsnsndjsjsjejejejjejeneennejejeej,2025-09-13 14:28:03,2025-10-26 16:01:19
5208054362802199,5206461653190321,柳智敏 柳智敏丨250829-0831 SYNK : AEXIS LINE 2025 - Good Stuff 直拍 notes0411的微博视频 ,Minsun___,柳智敏,2025-09-07 01:39:44,2025-10-26 16:02:32
5208054352053418,5206461653190321,柳智敏 柳智敏丨250829-0831 SYNK : AEXIS LINE 2025 - Good Stuff 直拍 notes0411的微博视频 ,Minsun___,我哥哥,2025-09-07 01:39:41,2025-10-26 16:02:32
5207515593703856,5206461653190321,柳智敏 柳智敏丨250829-0831 SYNK : AEXIS LINE 2025 - Good Stuff 直拍 notes0411的微博视频 ,涩柳-,这个直拍每天在电脑上放一百遍,2025-09-05 13:58:50,2025-10-26 16:02:32
5207452316599223,5206461653190321,柳智敏 柳智敏丨250829-0831 SYNK : AEXIS LINE 2025 - Good Stuff 直拍 notes0411的微博视频 ,星月夜序曲,柳智敏,2025-09-05 09:47:25,2025-10-26 16:02:32
5206710387477342,5206461653190321,柳智敏 柳智敏丨250829-0831 SYNK : AEXIS LINE 2025 - Good Stuff 直拍 notes0411的微博视频 ,上岛周刊,notes姐辛苦了 神来的吧这是,2025-09-03 08:39:15,2025-10-26 16:02:32
5206691482175289,5206461653190321,柳智敏 柳智敏丨250829-0831 SYNK : AEXIS LINE 2025 - Good Stuff 直拍 notes0411的微博视频 ,雨过天会晴耶,看得我好爽日记姐很会拍,2025-09-03 07:24:08,2025-10-26 16:02:32
5206561242481161,5206461653190321,柳智敏 柳智敏丨250829-0831 SYNK : AEXIS LINE 2025 - Good Stuff 直拍 notes0411的微博视频 ,反社会砂糖橘,转发微博,2025-09-02 22:46:35,2025-10-26 16:02:32
5206532544791582,5206461653190321,柳智敏 柳智敏丨250829-0831 SYNK : AEXIS LINE 2025 - Good Stuff 直拍 notes0411的微博视频 ,天空藍和太陽和龍,好帅,2025-09-02 20:52:34,2025-10-26 16:02:32
5206530116552115,5206461653190321,柳智敏 柳智敏丨250829-0831 SYNK : AEXIS LINE 2025 - Good Stuff 直拍 notes0411的微博视频 ,OA-原晗色_四巡见过鹿晗版,好看,2025-09-02 20:42:55,2025-10-26 16:02:32
5206529722814512,5206461653190321,柳智敏 柳智敏丨250829-0831 SYNK : AEXIS LINE 2025 - Good Stuff 直拍 notes0411的微博视频 ,娜塔莉亚ya,Good Stuff,2025-09-02 20:41:21,2025-10-26 16:02:32
5206515880821632,5206461653190321,柳智敏 柳智敏丨250829-0831 SYNK : AEXIS LINE 2025 - Good Stuff 直拍 notes0411的微博视频 ,蟹壳nono,太神了,2025-09-02 19:46:21,2025-10-26 16:02:32
5206504036896672,5206461653190321,柳智敏 柳智敏丨250829-0831 SYNK : AEXIS LINE 2025 - Good Stuff 直拍 notes0411的微博视频 ,今天我幸运了吧,好美,2025-09-02 18:59:17,2025-10-26 16:02:32
5206485476314347,5206461653190321,柳智敏 柳智敏丨250829-0831 SYNK : AEXIS LINE 2025 - Good Stuff 直拍 notes0411的微博视频 ,notes0411,b站：BV14eawzSE9v  ytb：网页链接,2025-09-02 17:45:32,2025-10-26 16:02:32
5206473449931201,5206461653190321,柳智敏 柳智敏丨250829-0831 SYNK : AEXIS LINE 2025 - Good Stuff 直拍 notes0411的微博视频 ,薇k_k,前有coat后两版剪辑，后有notes三版全剪辑，柳圈站姐太权威了,2025-09-02 16:57:44,2025-10-26 16:02:32
5206469048010880,5206461653190321,柳智敏 柳智敏丨250829-0831 SYNK : AEXIS LINE 2025 - Good Stuff 直拍 notes0411的微博视频 ,骂骂柚能怎-_-,3天的混剪！！！note姐我爽了,2025-09-02 16:40:15,2025-10-26 16:02:32
5206468324493773,5206461653190321,柳智敏 柳智敏丨250829-0831 SYNK : AEXIS LINE 2025 - Good Stuff 直拍 notes0411的微博视频 ,柚只小柒_er,封面特别特别漂亮，拍的也很好，姐姐方便的话可以传一下b站吗？,2025-09-02 16:37:23,2025-10-26 16:02:32
5206464826445534,5206461653190321,柳智敏 柳智敏丨250829-0831 SYNK : AEXIS LINE 2025 - Good Stuff 直拍 notes0411的微博视频 ,奶味布丁昂,这是真神,2025-09-02 16:23:29,2025-10-26 16:02:32
5206463901600585,5206461653190321,柳智敏 柳智敏丨250829-0831 SYNK : AEXIS LINE 2025 - Good Stuff 直拍 notes0411的微博视频 ,notes0411,封面,2025-09-02 16:19:48,2025-10-26 16:02:32
5206461980348323,5206461653190321,柳智敏 柳智敏丨250829-0831 SYNK : AEXIS LINE 2025 - Good Stuff 直拍 notes0411的微博视频 ,notes0411,@柳智敏_Karina68 @水原一枝花,2025-09-02 16:12:10,2025-10-26 16:02:32
5205644954570609,5205413001694501,很适合舞蹈challenge的柳智敏新Solo曲《GOOD STUFF》✨ 顶级神颜的微博视频 ,虚拟蛇姬-重生版,燃起来了,2025-08-31 10:05:36,2025-10-26 16:02:39
5205523444269087,5205413001694501,很适合舞蹈challenge的柳智敏新Solo曲《GOOD STUFF》✨ 顶级神颜的微博视频 ,栢崭棠,wow,2025-08-31 02:02:45,2025-10-26 16:02:39
5205473139884344,5205413001694501,很适合舞蹈challenge的柳智敏新Solo曲《GOOD STUFF》✨ 顶级神颜的微博视频 ,小西柚礼,@11ki7 不是不是？？女神的歌马上就这么火了吗,2025-08-30 22:42:51,2025-10-26 16:02:39
5205459988650756,5205413001694501,很适合舞蹈challenge的柳智敏新Solo曲《GOOD STUFF》✨ 顶级神颜的微博视频 ,妮的心上仁是妮,@-bluu-,2025-08-30 21:50:37,2025-10-26 16:02:39
5205451830724739,5205413001694501,很适合舞蹈challenge的柳智敏新Solo曲《GOOD STUFF》✨ 顶级神颜的微博视频 ,诱風翎,这是洋妞配的音啦 但是很适配学生cha就是了,2025-08-30 21:18:12,2025-10-26 16:02:39
5205442099946076,5205413001694501,很适合舞蹈challenge的柳智敏新Solo曲《GOOD STUFF》✨ 顶级神颜的微博视频 ,去它x的鱼鱼,好适合校服哦！,2025-08-30 20:39:32,2025-10-26 16:02:39
5205441937411011,5205413001694501,很适合舞蹈challenge的柳智敏新Solo曲《GOOD STUFF》✨ 顶级神颜的微博视频 ,罔眠,特别适合学校班级团建,2025-08-30 20:38:52,2025-10-26 16:02:39
5205440548053225,5205413001694501,很适合舞蹈challenge的柳智敏新Solo曲《GOOD STUFF》✨ 顶级神颜的微博视频 ,骂之星,就这样大家都穿校服来cha,2025-08-30 20:33:22,2025-10-26 16:02:39
5205440469931089,5205413001694501,很适合舞蹈challenge的柳智敏新Solo曲《GOOD STUFF》✨ 顶级神颜的微博视频 ,骂之星,小韩好迅速啊,2025-08-30 20:33:03,2025-10-26 16:02:39
5205440025088778,5205413001694501,很适合舞蹈challenge的柳智敏新Solo曲《GOOD STUFF》✨ 顶级神颜的微博视频 ,jeongiha_lizm,？这么迅速,2025-08-30 20:31:17,2025-10-26 16:02:39
5205439847599158,5205413001694501,很适合舞蹈challenge的柳智敏新Solo曲《GOOD STUFF》✨ 顶级神颜的微博视频 ,Misa啊,啊啊啊啊确实很好听,2025-08-30 20:30:35,2025-10-26 16:02:39
5205438758653081,5205413001694501,很适合舞蹈challenge的柳智敏新Solo曲《GOOD STUFF》✨ 顶级神颜的微博视频 ,nyeo-33,我女神好火的效应 这就开始cha了...,2025-08-30 20:26:15,2025-10-26 16:02:39
5205438121119033,5205413001694501,很适合舞蹈challenge的柳智敏新Solo曲《GOOD STUFF》✨ 顶级神颜的微博视频 ,奶味布丁昂,我靠？这么快开始了？,2025-08-30 20:23:43,2025-10-26 16:02:39
5205435860125526,5205413001694501,很适合舞蹈challenge的柳智敏新Solo曲《GOOD STUFF》✨ 顶级神颜的微博视频 ,1nmyatmosphere_,小韩真的好爱我柳儿 风向标来了,2025-08-30 20:14:44,2025-10-26 16:02:39
5205432341365288,5205413001694501,很适合舞蹈challenge的柳智敏新Solo曲《GOOD STUFF》✨ 顶级神颜的微博视频 ,虞星绾,已经开始了嘛哈哈哈哈,2025-08-30 20:00:44,2025-10-26 16:02:39
5205431393715624,5205413001694501,很适合舞蹈challenge的柳智敏新Solo曲《GOOD STUFF》✨ 顶级神颜的微博视频 ,预春敛水,怎么就开始了？,2025-08-30 19:56:59,2025-10-26 16:02:39
5205418773316779,5205413001694501,很适合舞蹈challenge的柳智敏新Solo曲《GOOD STUFF》✨ 顶级神颜的微博视频 ,KiraKira_0,对就是这样，都来cha！,2025-08-30 19:06:49,2025-10-26 16:02:39
5205413731238271,5205413001694501,很适合舞蹈challenge的柳智敏新Solo曲《GOOD STUFF》✨ 顶级神颜的微博视频 ,并不是你说的那样,氛围好好吧,2025-08-30 18:46:47,2025-10-26 16:02:39
5205413652073610,5205413001694501,很适合舞蹈challenge的柳智敏新Solo曲《GOOD STUFF》✨ 顶级神颜的微博视频 ,并不是你说的那样,cha啊请cha,2025-08-30 18:46:29,2025-10-26 16:02:39
5205370827966382,5205116413283015,250829 aespa KARINA - Good Stuff 直拍 🤍#柳智敏solo舞台#. #aespa三巡# . 告白預行絵本的微博视频 ,缱绻訫璃_,超美,2025-08-30 15:56:19,2025-10-26 16:02:26
5205280623170189,5205116413283015,250829 aespa KARINA - Good Stuff 直拍 🤍#柳智敏solo舞台#. #aespa三巡# . 告白預行絵本的微博视频 ,Szhuyu,简直老公,2025-08-30 09:57:53,2025-10-26 16:02:26
5205256180338866,5205116413283015,250829 aespa KARINA - Good Stuff 直拍 🤍#柳智敏solo舞台#. #aespa三巡# . 告白預行絵本的微博视频 ,杏花雨穿越,可以,2025-08-30 08:20:45,2025-10-26 16:02:26
5205133493536632,5205116413283015,250829 aespa KARINA - Good Stuff 直拍 🤍#柳智敏solo舞台#. #aespa三巡# . 告白預行絵本的微博视频 ,珉天柚见一面,柳智敏真的天生为舞台而生,2025-08-30 00:13:14,2025-10-26 16:02:26
5205131370957509,5205116413283015,250829 aespa KARINA - Good Stuff 直拍 🤍#柳智敏solo舞台#. #aespa三巡# . 告白預行絵本的微博视频 ,Z-ON_,爱豆就是要用舞台说话啊,2025-08-30 00:04:48,2025-10-26 16:02:26
5205130875506690,5205116413283015,250829 aespa KARINA - Good Stuff 直拍 🤍#柳智敏solo舞台#. #aespa三巡# . 告白預行絵本的微博视频 ,惟風吹散未寫完的珉詩,我老公好帅,2025-08-30 00:02:50,2025-10-26 16:02:26
5205130752558245,5205116413283015,250829 aespa KARINA - Good Stuff 直拍 🤍#柳智敏solo舞台#. #aespa三巡# . 告白預行絵本的微博视频 ,知珉教,柳智敏好帅啊啊,2025-08-30 00:02:20,2025-10-26 16:02:26
5205124909635021,5205116413283015,250829 aespa KARINA - Good Stuff 直拍 🤍#柳智敏solo舞台#. #aespa三巡# . 告白預行絵本的微博视频 ,加盐鱼丸粗面,太帅了吧,2025-08-29 23:39:08,2025-10-26 16:02:26
5205120685973480,5205116413283015,250829 aespa KARINA - Good Stuff 直拍 🤍#柳智敏solo舞台#. #aespa三巡# . 告白預行絵本的微博视频 ,栢崭棠,好帅的女人,2025-08-29 23:22:21,2025-10-26 16:02:26
5205120354619826,5205116413283015,250829 aespa KARINA - Good Stuff 直拍 🤍#柳智敏solo舞台#. #aespa三巡# . 告白預行絵本的微博视频 ,Koraline_,女神舞力全开看的我发大水,2025-08-29 23:21:02,2025-10-26 16:02:26
5205119533843074,5205116413283015,250829 aespa KARINA - Good Stuff 直拍 🤍#柳智敏solo舞台#. #aespa三巡# . 告白預行絵本的微博视频 ,小冬青-,好美好漂亮,2025-08-29 23:17:45,2025-10-26 16:02:26
5205118758948766,5205116413283015,250829 aespa KARINA - Good Stuff 直拍 🤍#柳智敏solo舞台#. #aespa三巡# . 告白預行絵本的微博视频 ,无所Dior谓,呜呜 太喜欢了 刷到即停下听完并转发,2025-08-29 23:14:41,2025-10-26 16:02:26
5205118443850635,5205116413283015,250829 aespa KARINA - Good Stuff 直拍 🤍#柳智敏solo舞台#. #aespa三巡# . 告白預行絵本的微博视频 ,库洛珉-,太美了,2025-08-29 23:13:26,2025-10-26 16:02:26
5205117797400939,5205116413283015,250829 aespa KARINA - Good Stuff 直拍 🤍#柳智敏solo舞台#. #aespa三巡# . 告白預行絵本的微博视频 ,unisyd,我家女神三巡solo依旧slay惨了,2025-08-29 23:10:51,2025-10-26 16:02:26
5205117684679925,5205116413283015,250829 aespa KARINA - Good Stuff 直拍 🤍#柳智敏solo舞台#. #aespa三巡# . 告白預行絵本的微博视频 ,呆萌猪猪酱_,老公爸爸帅死了啊啊啊,2025-08-29 23:10:25,2025-10-26 16:02:26
5205117658732427,5205116413283015,250829 aespa KARINA - Good Stuff 直拍 🤍#柳智敏solo舞台#. #aespa三巡# . 告白預行絵本的微博视频 ,很多不良后果,没开玩笑，这女人天生为舞台而生的，管她黑料红料都是骂帝的养料,2025-08-29 23:10:19,2025-10-26 16:02:26
5205117604202270,5205116413283015,250829 aespa KARINA - Good Stuff 直拍 🤍#柳智敏solo舞台#. #aespa三巡# . 告白預行絵本的微博视频 ,小羊不吃蔬菜哈,柳智敏天生就该solo,2025-08-29 23:10:06,2025-10-26 16:02:26
5205116976108269,5205116413283015,250829 aespa KARINA - Good Stuff 直拍 🤍#柳智敏solo舞台#. #aespa三巡# . 告白預行絵本的微博视频 ,lzmtsqh,我的妈呀舞台表现力太强了啊啊啊啊,2025-08-29 23:07:36,2025-10-26 16:02:26
5205116667828005,5205116413283015,250829 aespa KARINA - Good Stuff 直拍 🤍#柳智敏solo舞台#. #aespa三巡# . 告白預行絵本的微博视频 ,妳从我身边经过,老公,2025-08-29 23:06:23,2025-10-26 16:02:26
5205116455488493,5205116413283015,250829 aespa KARINA - Good Stuff 直拍 🤍#柳智敏solo舞台#. #aespa三巡# . 告白預行絵本的微博视频 ,下雨天和猫听雨,哥哥好帅,2025-08-29 23:05:32,2025-10-26 16:02:26
